{"cameraMode":{"drawMode":0,"name":"Shaded","section":"Shading Mode"},"sceneLighting":false,"audioPlay":false,"sceneViewState":{"showFog":true,"showMaterialUpdate":false,"showSkybox":true,"showFlares":true,"showImageEffects":true,"showParticleSystems":true},"in2DMode":false,"pivot":{"x":1.533381462097168,"y":-4.77117919921875,"z":3.55731463432312},"rotation":{"x":-0.008783767931163311,"y":0.9498565196990967,"z":-0.3114124834537506,"w":-0.026792244985699655},"size":2.857884407043457,"orthographic":false}