{"cameraMode":{"drawMode":0,"name":"Shaded","section":"Shading Mode"},"sceneLighting":false,"audioPlay":false,"sceneViewState":{"showFog":true,"showMaterialUpdate":false,"showSkybox":true,"showFlares":true,"showImageEffects":true,"showParticleSystems":true},"in2DMode":false,"pivot":{"x":3.911372184753418,"y":-4.98818826675415,"z":2.87617826461792},"rotation":{"x":-0.08190804719924927,"y":0.9106117486953735,"z":-0.21880173683166505,"w":-0.34088587760925295},"size":13.556580543518067,"orthographic":false}