{"cameraMode":{"drawMode":0,"name":"Shaded","section":"Shading Mode"},"sceneLighting":false,"audioPlay":false,"sceneViewState":{"showFog":true,"showMaterialUpdate":false,"showSkybox":true,"showFlares":true,"showImageEffects":true,"showParticleSystems":true},"in2DMode":false,"pivot":{"x":5.380000114440918,"y":-0.9310100078582764,"z":-1.2997604608535767},"rotation":{"x":-0.08190804719924927,"y":0.9106117486953735,"z":-0.21880173683166505,"w":-0.34088587760925295},"size":2.8578836917877199,"orthographic":false}