{"cameraMode":{"drawMode":0,"name":"Shaded","section":"Shading Mode"},"sceneLighting":true,"audioPlay":false,"sceneViewState":{"showFog":true,"showMaterialUpdate":false,"showSkybox":true,"showFlares":true,"showImageEffects":true,"showParticleSystems":true},"in2DMode":false,"pivot":{"x":4.464428901672363,"y":1.875295639038086,"z":2.0773797035217287},"rotation":{"x":0.13086427748203278,"y":0.803441047668457,"z":-0.1917763650417328,"w":0.5482507348060608},"size":26.498502731323243,"orthographic":false}